[
  {
    "id": "p031",
    "product_name": "Samsung Galaxy M14 5G",
    "product_image": "../../src/assets/images/mobile1.jpg",
    "image": "../../src/assets/images/mobile1.jpg",
    "gallery": [
      "../../src/assets/images/mobile1.jpg",
      "../../src/assets/images/mobile1.jpg",
      "../../src/assets/images/mobile1.jpg"
    ],
    "product_description": "Samsung Galaxy M14 5G - Explore great features and performance for the Indian market.",
    "availability": "In Stock",
    "offer_price": 52376.7,
    "sale_price": 74952.34,
    "category": "Mobile",
    "subcategory": "Smartphones",
    "sizes": ["One Size"],
    "date": "2025-07-24",
    "bestseller": true
  },
  {
    "id": "p037",
    "product_name": "Realme Narzo N53",
    "product_image": "../../src/assets/images/mobile2.jpg",
    "image": "../../src/assets/images/mobile2.jpg",
    "gallery": [
      "../../src/assets/images/mobile2.jpg",
      "../../src/assets/images/mobile2.jpg",
      "../../src/assets/images/mobile2.jpg"
    ],
    "product_description": "Realme Narzo N53 - Explore great features and performance for the Indian market.",
    "availability": "In Stock",
    "offer_price": 55766.4,
    "sale_price": 84366.71,
    "category": "Mobile",
    "subcategory": "Smartphones",
    "sizes": ["One Size"],
    "date": "2025-07-24",
    "bestseller": true
  },
  {
    "id": "p043",
    "product_name": "Motorola G14",
    "product_image": "../../src/assets/images/mobile3.jpg",
    "image": "../../src/assets/images/mobile3.jpg",
    "gallery": [
      "../../src/assets/images/mobile3.jpg",
      "../../src/assets/images/mobile3.jpg",
      "../../src/assets/images/mobile3.jpg"
    ],
    "product_description": "Motorola G14 - Explore great features and performance for the Indian market.",
    "availability": "In Stock",
    "offer_price": 56367.62,
    "sale_price": 92633.73,
    "category": "Mobile",
    "subcategory": "Smartphones",
    "sizes": ["One Size"],
    "date": "2025-07-24",
    "bestseller": true
  },
  {
    "id": "p033",
    "product_name": "Apple iPad 10th Gen Wi-Fi",
    "product_image": "../../src/assets/images/tablet1.jpg",
    "image": "../../src/assets/images/tablet1.jpg",
    "gallery": [
      "../../src/assets/images/tablet1.jpg",
      "../../src/assets/images/tablet1.jpg",
      "../../src/assets/images/tablet1.jpg"
    ],
    "product_description": "Apple iPad 10th Gen Wi-Fi - Explore great features and performance for the Indian market.",
    "availability": "In Stock",
    "offer_price": 17323.85,
    "sale_price": 22077.04,
    "category": "Tablet",
    "subcategory": "iPad",
    "sizes": ["One Size"],
    "date": "2025-07-24",
    "bestseller": true
  },
  {
    "id": "p039",
    "product_name": "Samsung Galaxy Tab A9+",
    "product_image": "../../src/assets/images/tablet2.jpg",
    "image": "../../src/assets/images/tablet2.jpg",
    "gallery": [
      "../../src/assets/images/tablet2.jpg",
      "../../src/assets/images/tablet2.jpg",
      "../../src/assets/images/tablet2.jpg"
    ],
    "product_description": "Samsung Galaxy Tab A9+ - Explore great features and performance for the Indian market.",
    "availability": "In Stock",
    "offer_price": 33603.5,
    "sale_price": 50952.99,
    "category": "Tablet",
    "subcategory": "Android Tablets",
    "sizes": ["One Size"],
    "date": "2025-07-24",
    "bestseller": false
  },
  {
    "id": "p034",
    "product_name": "HP Victus Gaming Laptop",
    "product_image": "../../src/assets/images/laptop1.jpg",
    "image": "../../src/assets/images/laptop1.jpg",
    "gallery": [
      "../../src/assets/images/laptop1.jpg",
      "../../src/assets/images/laptop1.jpg",
      "../../src/assets/images/laptop1.jpg"
    ],
    "product_description": "HP Victus Gaming Laptop - Explore great features and performance for the Indian market.",
    "availability": "In Stock",
    "offer_price": 42888.73,
    "sale_price": 48942.98,
    "category": "Laptop",
    "subcategory": "Gaming",
    "sizes": ["One Size"],
    "date": "2025-07-24",
    "bestseller": true
  },
  {
    "id": "p040",
    "product_name": "Lenovo Ideapad Slim 3",
    "product_image": "../../src/assets/images/laptop2.jpg",
    "image": "../../src/assets/images/laptop2.jpg",
    "gallery": [
      "../../src/assets/images/laptop2.jpg",
      "../../src/assets/images/laptop2.jpg",
      "../../src/assets/images/laptop2.jpg"
    ],
    "product_description": "Lenovo Ideapad Slim 3 - Explore great features and performance for the Indian market.",
    "availability": "In Stock",
    "offer_price": 72681.74,
    "sale_price": 88291.71,
    "category": "Laptop",
    "subcategory": "Everyday Use",
    "sizes": ["One Size"],
    "date": "2025-07-24",
    "bestseller": false
  },
  {
    "id": "p045",
    "product_name": "Apple MacBook Air M2",
    "product_image": "../../src/assets/images/laptop3.jpg",
    "image": "../../src/assets/images/laptop3.jpg",
    "gallery": [
      "../../src/assets/images/laptop3.jpg",
      "../../src/assets/images/laptop3.jpg",
      "../../src/assets/images/laptop3.jpg"
    ],
    "product_description": "Apple MacBook Air M2 - Explore great features and performance for the Indian market.",
    "availability": "In Stock",
    "offer_price": 11287.75,
    "sale_price": 12971.44,
    "category": "Laptop",
    "subcategory": "Premium",
    "sizes": ["One Size"],
    "date": "2025-07-24",
    "bestseller": false
  },
  {
    "id": "p038",
    "product_name": "JBL Go 3 Bluetooth Speaker",
    "product_image": "../../src/assets/images/audio2.jpg",
    "image": "../../src/assets/images/audio2.jpg",
    "gallery": [
      "../../src/assets/images/audio2.jpg",
      "../../src/assets/images/audio2.jpg",
      "../../src/assets/images/audio2.jpg"
    ],
    "product_description": "JBL Go 3 Bluetooth Speaker - Explore great features and performance for the Indian market.",
    "availability": "In Stock",
    "offer_price": 13790.5,
    "sale_price": 16858.8,
    "category": "Speaker",
    "subcategory": "Bluetooth",
    "sizes": ["One Size"],
    "date": "2025-07-24",
    "bestseller": false
  },
  {
    "id": "p035",
    "product_name": "Noise ColorFit Pulse Grand",
    "product_image": "../../src/assets/images/watch1.jpg",
    "image": "../../src/assets/images/watch1.jpg",
    "gallery": [
      "../../src/assets/images/watch1.jpg",
      "../../src/assets/images/watch1.jpg",
      "../../src/assets/images/watch1.jpg"
    ],
    "product_description": "Noise ColorFit Pulse Grand - Explore great features and performance for the Indian market.",
    "availability": "In Stock",
    "offer_price": 14289.22,
    "sale_price": 23712.61,
    "category": "Watch",
    "subcategory": "Smartwatch",
    "sizes": ["One Size"],
    "date": "2025-07-24",
    "bestseller": true
  },
  {
    "id": "p041",
    "product_name": "Fire-Boltt Ninja Call Pro",
    "product_image": "../../src/assets/images/watch2.jpg",
    "image": "../../src/assets/images/watch2.jpg",
    "gallery": [
      "../../src/assets/images/watch2.jpg",
      "../../src/assets/images/watch2.jpg",
      "../../src/assets/images/watch2.jpg"
    ],
    "product_description": "Fire-Boltt Ninja Call Pro - Explore great features and performance for the Indian market.",
    "availability": "In Stock",
    "offer_price": 45217.72,
    "sale_price": 73132.33,
    "category": "Watch",
    "subcategory": "Smartwatch",
    "sizes": ["One Size"],
    "date": "2025-07-24",
    "bestseller": true
  },
  {
    "id": "p100",
    "product_name": "Sony Bravia 4K UHD Smart TV 55 inch",
    "product_image": "../../src/assets/images/tv1.jpg",
    "image": "../../src/assets/images/tv1.jpg",
    "gallery": [
      "../../src/assets/images/tv1.jpg",
      "../../src/assets/images/tv1.jpg",
      "../../src/assets/images/tv1.jpg"
    ],
    "product_description": "Sony Bravia 4K UHD Smart TV - Immerse yourself in stunning clarity and color.",
    "availability": "In Stock",
    "offer_price": 58999,
    "sale_price": 74999,
    "category": "TV",
    "subcategory": "Smart TV",
    "sizes": ["55 inch"],
    "date": "2025-07-24",
    "bestseller": true
  },
  {
    "id": "p110",
    "product_name": "Canon EOS 1500D DSLR",
    "product_image": "../../src/assets/images/camera1.jpg",
    "image": "../../src/assets/images/camera1.jpg",
    "gallery": [
      "../../src/assets/images/camera1.jpg",
      "../../src/assets/images/camera1.jpg",
      "../../src/assets/images/camera1.jpg"
    ],
    "product_description": "Canon EOS 1500D - Capture high-quality photos and videos with ease.",
    "availability": "In Stock",
    "offer_price": 42999,
    "sale_price": 47999,
    "category": "Camera",
    "subcategory": "DSLR",
    "sizes": ["One Size"],
    "date": "2025-07-24",
    "bestseller": true
  }
]
